Modelo,RMSE,MAE,MAPE (%)
SARIMA,4941348.66,3036037.42,15.57
LSTM,6271481.96376682,4744684.763223587,23.049284475159656
GRU,7745694.715866883,5999910.470078207,28.02605323370116
